{
     "label":
     {
         "colours":
         {
             "dark_bg": "#fff234",
             "normal_text": "#c5cbd8",
             "text_shadow": "#505050"
         },
         "font":
         {
             "name": "PG_Roof Runners_active",
             "regular_path": "font/PG_Roof Runners_active.ttf",
             "size": "48",
             "bold": "1",
             "italic": "0"
         },
         "misc":
         {
             "text_shadow": "1",
             "text_shadow_size": "1",
             "text_shadow_offset": "0,0"
         }
     }
 }